{
  "pr_checks": {
    "approvals": [
      {
        "check_name" : "Content team approval",
        "teams" : [],
        "users" : [
          "malchata",
          "rachelandrew",
          "heyawhite",
          "jpmedley",
          "mihajlija",
          "sofiayem",
          "AaronForinton",
          "anusmitaray",
          "IanStanion-google",
          "AmySteam"
        ],
        "paths" : [
          "site/**/*.md"
        ]
      },
      {
        "check_name" : "Eng team approval",
        "teams" : [],
        "users" : [
          "PaulKinlan",
          "matthiasrohmer",
          "devnook"
        ],
        "paths" : [
          "*.js",
          "*.json",
          "*.css",
          "*.scss",
          "*.html",
          "*.htm",
          "*.njk",
          "*.toml",
          "*.sh"
        ]
      },
      {
        "check_name" : "Eng or Content team approval",
        "teams" : [],
        "users" : [
          "PaulKinlan",
          "jeffposnick",
          "devnook",
          "malchata",
          "rachelandrew",
          "heyawhite",
          "jpmedley",
          "mihajlija",
          "sofiayem",
          "AaronForinton",
          "matthiasrohmer"
        ],
        "paths" : [
          "site/_data/**.yml",
          "site/_data/**.yaml",
          "site/_data/**.json",
          "redirects.yaml"
        ]
      },
      {
        "check_name" : "Content (es) team approval",
        "teams" : [],
        "users" : [
          "tropicadri"
        ],
        "paths" : [
          "site/es/**/*.md"
        ]
      }
    ]
  }
}
