{
  "ryanseddon": {
    "homepage": "https://ryanseddon.com/",
    "twitter": "ryanseddon"
  },
  "timstatler": {
    "twitter": "tstatz"
  },
  "deannarubin": {
    "twitter": "deanna_rubin"
  },
  "pearlchen": {
    "homepage": "http://karma-laboratory.com/",
    "twitter": "PearlChen"
  },
  "arthurevans": {
    "github": "arthurevans",
    "twitter": "devdocdude"
  },
  "jbingham": {
    "github": "jbingham",
    "twitter": "jonathanbingham"
  },
  "justinfagnani": {
    "homepage": "http://justinfagnani.com/",
    "github": "justinfagnani",
    "twitter": "justinfagnani"
  },
  "mustaqahmed": {
    "github": "mustaqahmed"
  },
  "tomgreenaway": {
    "twitter": "tcmg",
    "github": "tcmg"
  },
  "kinukoyasuda": {
    "twitter": "kinu",
    "github": "kinu"
  },
  "tdresser": {
    "twitter": "tdresser"
  },
  "victorcostan": {
    "twitter": "pwnall",
    "github": "pwnall"
  },
  "jeremywagner": {
    "homepage": "https://jeremywagner.me/",
    "twitter": "malchata",
    "github": "malchata"
  },
  "majidvp": {
    "homepage": "http://zgrs.ca/",
    "twitter": "majido",
    "github": "majido"
  },
  "yangguo": {
    "twitter": "hashseed",
    "github": "hashseed"
  },
  "jgruber": {
    "twitter": "schuay",
    "github": "schuay"
  },
  "dtapuska": {
    "twitter": "dtapuska",
    "github": "dtapuska",
    "image": "image/zKrSUSkPboWMTTSEkowJbqw5Egi2/PMKyfQoKPntnI4amz8LD.jpeg",
    "country": "CA"
  },
  "bokan": {
    "twitter": "david_bokan"
  },
  "mcasas": {
    "twitter": "yellowdoge",
    "github": "yellowdoge"
  },
  "sgomes": {
    "twitter": "sergiomdgomes"
  },
  "ericlawrence": {
    "homepage": "https://textslashplain.com/",
    "twitter": "ericlaw",
    "github": "ericlaw1979"
  },
  "mco": {
    "homepage": "https://about.me/marc1",
    "twitter": "marcacohen"
  },
  "owencm": {
    "homepage": "http://www.owencampbellmoore.com/",
    "twitter": "owencm"
  },
  "wdenniss": {
    "twitter": "williamdenniss"
  },
  "kenchris": {
    "country": "DK",
    "twitter": "kennethrohde",
    "github": "kenchris"
  },
  "emilystark": {
    "homepage": "https://www.emilymstark.com/",
    "twitter": "estark37"
  },
  "heathermahan": {
    "homepage": "https://github.com/heatheramahan",
    "twitter": "heatheramahan"
  },
  "ewagasperowicz": {
    "twitter": "devnook"
  },
  "addyosmani": {
    "country": "USA",
    "twitter": "addyosmani",
    "github": "addyosmani",
    "image": "image/1L2RBhCLSnXjCnSlevaDjy3vba73/LJyNTOzyWbowv2mrlzPS.jpeg"
  },
  "paullewis": {
    "homepage": "https://aerotwist.com/",
    "twitter": "aerotwist"
  },
  "chriswilson": {
    "twitter": "cwilso",
    "image": "image/kheDArv5csY6rvQUJDbWRscckLr1/YwzRFxyI5YWUTUCIp3W1.jpeg"
  },
  "renatomangini": {
    "homepage": "http://www.renatomangini.com/",
    "twitter": "renatomangini"
  },
  "ilmariheikkinen": {
    "homepage": "http://fhtr.org/",
    "twitter": "ilmarihei"
  },
  "alexdanilo": {
    "twitter": "alexanderdanilo"
  },
  "borissmus": {
    "homepage": "http://smus.com/",
    "twitter": "borismus"
  },
  "greenido": {
    "homepage": "https://greenido.wordpress.com/",
    "twitter": "greenido"
  },
  "sethladd": {
    "homepage": "https://sethladd.com/",
    "twitter": "sethladd"
  },
  "mikemahemoff": {
    "homepage": "https://github.com/mahemoff",
    "twitter": "mahemoff"
  },
  "mikewest": {
    "homepage": "https://mikewest.org/",
    "twitter": "mikewest"
  },
  "johannes": {
    "github": "powdercloud",
    "twitter": "powdercloud",
    "mastodon": "https://mastodon.social/@powdercloud",
    "image": "image/W3z1f5ZkBJSgL1V1IfloTIctbIF3/okZMIdTu1wPPE4YqqKDX.jpeg"
  },
  "jasmineyan": {
    "github": "jazyan",
    "image": "image/W3z1f5ZkBJSgL1V1IfloTIctbIF3/fBUEuHdxeM0oGVbrelgI.png"
  },
  "housseindjirdeh": {
    "homepage": "https://houssein.me/",
    "twitter": "hdjirdeh",
    "github": "housseindjirdeh",
    "glitch": "housseindjirdeh",
    "image": "image/admin/BibySYHD7JweNcHZCCOe.jpg"
  },
  "katiehempenius": {
    "twitter": "katiehempenius",
    "image": "image/kheDArv5csY6rvQUJDbWRscckLr1/mS485fIOwA8B1869Iy0A.jpeg"
  },
  "cbrand": {
    "github": "christiaanbrand",
    "twitter": "christiaanbrand"
  },
  "paulirish": {
    "homepage": "https://www.paulirish.com/",
    "twitter": "paul_irish"
  },
  "rviscomi": {
    "github": "rviscomi",
    "twitter": "rick_viscomi",
    "image": "image/STd8eW8CSiNp5B1bX0R6Dww2eH32/03cRovenlDpm0uyoUUkX.jpeg"
  },
  "ilyagrigorik": {
    "homepage": "https://igvita.com/",
    "twitter": "igrigorik"
  },
  "philipwalton": {
    "homepage": "https://philipwalton.com/",
    "twitter": "philwalton",
    "github": "philipwalton",
    "image": "image/admin/ovBM8MF9rYDxVVHUVlcG.jpg"
  },
  "hongchanchoi": {
    "homepage": "https://hoch.io/",
    "twitter": "hochsays"
  },
  "jeffposnick": {
    "homepage": "https://jeffy.info/",
    "twitter": "jeffposnick",
    "github": "jeffposnick",
    "image": "image/FNkVSAX8UDTTQWQkKftSgGe9clO2/aNrmVViMdqMvdXZn0NHA.jpg"
  },
  "mattgaunt": {
    "homepage": "https://gauntface.com/blog",
    "twitter": "gauntface"
  },
  "kosamari": {
    "twitter": "kosamari"
  },
  "mscales": {
    "twitter": "wibblymat"
  },
  "ericbidelman": {
    "homepage": "http://ericbidelman.com/",
    "twitter": "ebidel",
    "github": "ebidel"
  },
  "paulkinlan": {
    "homepage": "https://paul.kinlan.me/",
    "twitter": "paul_kinlan",
    "mastodon": "https://status.kinlan.me/@paul",
    "image": "image/T4FyVKpzu4WKF1kBNvXepbi08t52/0O1ZGr2P0l9oTKabyUK5.jpeg"
  },
  "joemedley": {
    "github": "jpmedley",
    "twitter": "medleyjp",
    "image": "image/admin/ynJFmvKEbD9diZZsTdkD.jpg"
  },
  "jakearchibald": {
    "country": "UK",
    "homepage": "https://jakearchibald.com/",
    "twitter": "jaffathecake",
    "image": "image/foR0vJZKULb5AGJExlazy1xYDgI2/NJnVE7kcCKOhWiOQnB4V.jpg"
  },
  "kaycebasques": {
    "country": "US",
    "twitter": "kaycebasques",
    "github": "kaycebasques",
    "glitch": "kaycebasques",
    "image": "image/foR0vJZKULb5AGJExlazy1xYDgI2/U5OHzQL4tEKFr6OFIxWK.jpg"
  },
  "robdodson": {
    "country": "US",
    "homepage": "https://robdodson.me",
    "twitter": "rob_dodson",
    "github": "robdodson",
    "glitch": "robdodson",
    "image": "image/foR0vJZKULb5AGJExlazy1xYDgI2/hdnOUruuCIijvnGWvleC.jpg"
  },
  "petelepage": {
    "country": "US",
    "homepage": "https://petelepage.com/",
    "twitter": "petele",
    "github": "petele",
    "glitch": "petele",
    "mastodon": "https://techhub.social/@petele",
    "image": "image/0g2WvpbGRGdVs0aAPc6ObG7gkud2/9l19VVp1vBxCnEA75HwX.jpg"
  },
  "pjmclachlan": {
    "country": "CA",
    "twitter": "b1tr0t",
    "github": "b1tr0t",
    "image": "image/0g2WvpbGRGdVs0aAPc6ObG7gkud2/ruPda8fjIcYfc4ySP34v.jpg"
  },
  "samthorogood": {
    "country": "AU",
    "homepage": "https://whistlr.info/",
    "twitter": "samthor",
    "github": "samthor",
    "glitch": "samthor",
    "image": "image/foR0vJZKULb5AGJExlazy1xYDgI2/8WWdqQ0FcAgkb7EIPVrC.jpg"
  },
  "afuchs": {
    "country": "US",
    "github": "awfuchs",
    "image": "image/SHhb2PDKzXTggPGAYpv8JgR81pX2/1604956151251.jpg"
  },
  "dotproto": {
    "country": "US",
    "twitter": "dotproto",
    "github": "dotproto",
    "glitch": "dotproto",
    "image": "image/WlD8wC6g8khYWPJUsQceQkhXSlv1/ET2qKakhhrDt1sqjazmy.jpg"
  },
  "drott": {
    "country": "FI",
    "github": "drott",
    "twitter": "abrax5",
    "image": "image/admin/xb7jK8lMyvbHQrBJzlxv.jpg"
  },
  "marshallvale": {
    "country": "US",
    "twitter": "marshallvale",
    "image": "image/80mq7dk16vVEg8BBhsVe42n6zn82/Cl72YWpAt4TETJ9kn4kC.jpg"
  },
  "justinschuh": {
    "country": "US",
    "github": "jschuh",
    "twitter": "justinschuh",
    "image": "image/80mq7dk16vVEg8BBhsVe42n6zn82/Cv4qmh8vnXhcHPgCzbpb.jpg"
  },
  "unakravets": {
    "country": "US",
    "homepage": "https://una.im",
    "twitter": "una",
    "mastodon": "https://front-end.social/@una",
    "image": "image/HodOHWjMnbNw56hvNASHWSgZyAf2/gTvIXYVFxXMYjBiZxysB.jpg"
  },
  "surma": {
    "country": "UK",
    "homepage": "https://surma.dev/",
    "twitter": "dassurma",
    "github": "surma",
    "glitch": "surma",
    "image": "image/i9nJGvw3SnTPH63zKOYWtI6cP5m2/rS10rvGrNat9Euvxw8ju.jpg"
  },
  "andreban": {
    "country": "UK",
    "homepage": "https://bandarra.me",
    "twitter": "andreban",
    "glitch": "andreban",
    "github": "andreban",
    "mastodon": "https://mastodon.social/@andreban",
    "image": "image/Vww75TFpThOgTNuASFM6UYfBAp53/JEp8KytgeB3nYFintp4W.jpg"
  },
  "peconn": {
    "country": "UK",
    "twitter": "petereconn",
    "github": "PEConn",
    "image": "image/Vww75TFpThOgTNuASFM6UYfBAp53/bphnrZBppE6u1ZqNnhKU.jpg"
  },
  "peterkvitek": {
    "country": "US",
    "image": "image/ZQjEes3OsyYCDLE5837FjNRQ1Gw2/62sncQPT61F2Irw5MJRI.jpg"
  },
  "pavoldrotar": {
    "country": "UK",
    "homepage": "https://pavoldrotar.com",
    "twitter": "DrotarPavol",
    "github": "padr31",
    "image": "image/Vww75TFpThOgTNuASFM6UYfBAp53/DXzBVhVGAn8NTnPqW7Pa.jpg"
  },
  "adrianajara": {
    "country": "US",
    "mastodon": "https://indieweb.social/@tropicadri",
    "image": "image/Vww75TFpThOgTNuASFM6UYfBAp53/tIuTcnxqlspZFyklJYHG.jpg"
  },
  "agektmr": {
    "country": "JP",
    "twitter": "agektmr",
    "github": "agektmr",
    "glitch": "agektmr",
    "mastodon": "https://infosec.exchange/@agektmr",
    "image": "image/YLflGBAPWecgtKJLqCJHSzHqe2J2/r7YL1q3afKza6VUTF4QN.jpg"
  },
  "titouan": {
    "country": "FR",
    "image": "image/YLflGBAPWecgtKJLqCJHSzHqe2J2/vdjz5azkSvwbgq3lrg9X.jpeg"
  },
  "lyf": {
    "github": "ivanlish",
    "image": "image/DLKYfvmcBoO4o7kmxoNBYhucroy1/S9Tz7VYL3vENKp9VXE7W.jpeg"
  },
  "jecelynyeen": {
    "country": "DE",
    "twitter": "jecfish",
    "homepage": "https://jec.fyi/",
    "github": "jecfish",
    "image": "image/BrQidfK9jaQyIHwdw91aVpkPiib2/4HPVWldl8gHYH8npWFHu.jpg"
  },
  "megginkearney": {
    "image": "image/BrQidfK9jaQyIHwdw91aVpkPiib2/wKFYQ94ArLlegTGeElAg.jpg"
  },
  "flaviocopes": {
    "image": "image/BrQidfK9jaQyIHwdw91aVpkPiib2/Lr9pGxMHt7A5UizJ2Ogn.jpg"
  },
  "fawazm": {
    "country": "CA",
    "github": "fawazmohammad",
    "image": "image/BrQidfK9jaQyIHwdw91aVpkPiib2/QDNnPHloDqEwqRW5ASvt.jpg"
  },
  "tvanderlippe": {
    "country": "UK",
    "twitter": "timvdlippe",
    "github": "timvdlippe",
    "image": "image/dPDCek3EhZgLQPGtEG3y0fTn4v82/f3Wz3J7qXM06P764b15c.jpg"
  },
  "janscheffler": {
    "image": "image/dPDCek3EhZgLQPGtEG3y0fTn4v82/RSAAD1CFd8fVEN9cErxn.jpg"
  },
  "sigurds": {
    "country": "DE",
    "twitter": "sigurdschn",
    "image": "image/dPDCek3EhZgLQPGtEG3y0fTn4v82/kt0TRNu8iPYdgh9HGZMe.jpg"
  },
  "nsatragno": {
    "country": "CA",
    "twitter": "nsatragno",
    "image": "image/dPDCek3EhZgLQPGtEG3y0fTn4v82/4dunwutvbM44pl6VlO2o.jpg"
  },
  "jobay": {
    "country": "DK",
    "github": "johanbay",
    "image": "image/dPDCek3EhZgLQPGtEG3y0fTn4v82/pYrCz7DlWnk2k9Qz3nB7.jpg"
  },
  "mathiasbynens": {
    "country": "DE",
    "twitter": "mathias",
    "github": "mathiasbynens",
    "homepage": "https://mathiasbynens.be/",
    "image": "image/dPDCek3EhZgLQPGtEG3y0fTn4v82/abpvpv7lyW7ECZNEJ7wb.jpg"
  },
  "jackfranklin": {
    "country": "UK",
    "twitter": "jack_franklin",
    "github": "jackfranklin",
    "homepage": "https://www.jackfranklin.co.uk/",
    "image": "image/dPDCek3EhZgLQPGtEG3y0fTn4v82/7EeikZvegS1VHqGHWPxW.jpg"
  },
  "ingvarstepanyan": {
    "country": "UK",
    "image": "image/dPDCek3EhZgLQPGtEG3y0fTn4v82/cyBZmbNjKjdMn930X8MD.jpg"
  },
  "sadym": {
    "country": "DE",
    "twitter": "maximsadym",
    "github": "sadym-chromium",
    "image": "image/dPDCek3EhZgLQPGtEG3y0fTn4v82/PzmJZBgZBJ612Hy8QBSZ.jpg"
  },
  "orkon": {
    "country": "DE",
    "twitter": "orkon",
    "github": "orkon",
    "image": "image/dPDCek3EhZgLQPGtEG3y0fTn4v82/KMNWpnRJTP6eHJs1wEw2.jpg"
  },
  "yoavweiss": {
    "twitter": "yoavweiss",
    "github": "yoavweiss",
    "image": "image/ZDZVuXt6QqfXtxkpXcPGfnygYjd2/isPv6ZIClCtYWtmkB1w0.jpg"
  },
  "solomonkinard": {
    "country": "US",
    "homepage": "https://kinard.com",
    "twitter": "solomonkinard",
    "github": "solomonkinard",
    "glitch": "solomonkinard",
    "image": "image/VK2OszK9GThIIwHngukz3x84Zfd2/rmArqpThpCHbCz9dWSWT.jpg"
  },
  "mihajlija": {
    "homepage": "https://mihajlija.github.io/",
    "twitter": "bibydigital",
    "github": "mihajlija",
    "image": "image/vgdbNJBYHma2o62ZqYmcnkq3j0o1/lLsarI5KPmS0kwK9L4Ea.jpeg"
  },
  "mustafa": {
    "country": "US",
    "homepage": "https://designtoday.info",
    "twitter": "mustafa_x",
    "github": "mustafa-x",
    "glitch": "mustafa-x",
    "image": "image/xizoeLGxYNf3VLUHc5BsIoiE1Af1/ShCbqP0E2I9TaNyA7d5a.jpg"
  },
  "bmeurer": {
    "country": "DE",
    "twitter": "bmeurer",
    "github": "bmeurer",
    "image": "image/dPDCek3EhZgLQPGtEG3y0fTn4v82/XQZ4QLusg8Iq5kP4s04d.jpg"
  },
  "demianrenzulli": {
    "country": "US",
    "twitter": "drenzulli",
    "github": "demianrenzulli",
    "glitch": "demianrenzulli",
    "image": "image/26V1DWN36MZr3mUo8ChSBlCpzp43/Jsv3fxDmq9T74z5q7zzU.jpg"
  },
  "samdutton": {
    "country": "UK",
    "homepage": "https://samdutton.com",
    "twitter": "sw12",
    "github": "samdutton",
    "glitch": "samdutton",
    "mastodon": "https://techhub.social/@samdutton",
    "image": "image/80mq7dk16vVEg8BBhsVe42n6zn82/F3Df3SeugXYQEUUiMslu.jpg"
  },
  "maudn": {
    "country": "DE",
    "twitter": "maudnals",
    "github": "maudnals",
    "image": "image/O2RNUyVSLubjvENAT3e7JSdqSOx1/bpoFTthopZevDRDPPo3r.jpg"
  },
  "maudnalpas": {
    "country": "DE",
    "twitter": "maudnals",
    "github": "maudnals",
    "image": "image/O2RNUyVSLubjvENAT3e7JSdqSOx1/9ORwve80jFiyYnPvNcWF.jpg"
  },
  "beaufortfrancois": {
    "country": "FR",
    "github": "beaufortfrancois",
    "image": "image/sQ51XsLqKMgSQMCZjIN0B7hlBO02/8SV7KI2QNVXph2L5Cga2.jpeg"
  },
  "reillyg": {
    "twitter": "reillyeon",
    "github": "reillyeon",
    "image": "image/admin/C7kO2T8Q8jSZxU9xj3AC.jpg"
  },
  "nattestad": {
    "twitter": "fractorious",
    "country": "US",
    "image": "image/admin/UyUsatSDE2wdnfy3KHzO.jpg"
  },
  "cwallez": {
    "country": "FR",
    "twitter": "DaKangz",
    "github": "Kangz",
    "mastodon": "https://mastodon.gamedev.place/@DaKangz",
    "image": "image/vvhSqZboQoZZN9wBvoXq72wzGAf1/mYkUaoNpythq50oIFiQh.jpeg"
  },
  "toji": {
    "country": "US",
    "twitter": "tojiro",
    "github": "toji",
    "mastodon": "https://mastodon.social/@tojiro",
    "homepage": "https://toji.dev/",
    "image": "image/vvhSqZboQoZZN9wBvoXq72wzGAf1/0OHajNUjLrRB7XsDWuFt.png"
  },
  "eladalon": {
    "country": "SE",
    "github": "eladalon1983",
    "linkedin": "elad-alon",
    "image": "image/vvhSqZboQoZZN9wBvoXq72wzGAf1/EAFBslJDQgJynWlS3Hp8.jpeg"
  },
  "atotic": {
    "country": "US",
    "twitter": "atotic",
    "image": "image/HodOHWjMnbNw56hvNASHWSgZyAf2/yb4nAlmupGwqaiUypp7b.jpg"
  },
  "kimanh": {
    "country": "DE",
    "twitter": "kianhuu",
    "github": "ktran",
    "image": "image/dPDCek3EhZgLQPGtEG3y0fTn4v82/WMxar1rRgocnv8LEo3hG.jpg"
  },
  "thomassteiner": {
    "homepage": "https://blog.tomayac.com/",
    "twitter": "tomayac",
    "github": "tomayac",
    "glitch": "tomayac",
    "mastodon": "https://toot.cafe/@tomayac",
    "country": "DE",
    "image": "image/8WbTDNrhLsU0El80frMBGE4eMCD3/TbY7HP8KuTtQ6Y1186nt.jpg"
  },
  "ajara": {
    "twitter": "tropicadri",
    "github": "tropicadri",
    "country": "US",
    "image": "image/SeARmcA1EicLXagFnVOe0ou9cqK2/24pW1yRsYdAJXV7nfgbR.jpg"
  },
  "chrishtr": {
    "twitter": "chrishtr",
    "github": "chrishtr",
    "country": "US",
    "image": "image/VbsHyyQopiec0718rMq2kTE1hke2/7Bv1iWW6QJL7BncRCOax.png"
  },
  "rebeccasoares": {
    "country": "US",
    "image": "image/SHhb2PDKzXTggPGAYpv8JgR81pX2/WWbi21K4D5om3zTba8hR.jpg"
  },
  "rsheeter": {
    "country": "CA",
    "github": "rsheeter",
    "image": "image/roKb5a4ddjOSoIbxRFI9kDeuVvE2/PRHDWY5YSOQehUCcvnWB.png"
  },
  "ackermanb": {
    "country": "US",
    "image": "image/SHhb2PDKzXTggPGAYpv8JgR81pX2/kUhkXfBItc8GVTkWA2AB.jpg"
  },
  "dsli": {
    "country": "US",
    "image": "image/SHhb2PDKzXTggPGAYpv8JgR81pX2/taqTgQ89EI2kdOtM7Zle.jpeg"
  },
  "joycetoh": {
    "country": "US",
    "github": "joycetoh8",
    "image": "image/ttTommHYbJXsEL29zNB1wXBvH4z1/25uXyGl2m7FtpUyogSpL.jpeg"
  },
  "yigu": {
    "twitter": "yigsgu",
    "github": "yi-gu",
    "country": "CA",
    "image": "image/YLflGBAPWecgtKJLqCJHSzHqe2J2/qEqbB89jHxBWSyDjCeQh.jpg"
  },
  "hanselfmu": {
    "twitter": "han_changhao",
    "github": "hanselfmu",
    "country": "DE",
    "image": "image/dPDCek3EhZgLQPGtEG3y0fTn4v82/oEV9Pd48COn9JnMrUYzZ.jpg"
  },
  "rowan_m": {
    "country": "UK",
    "mastodon": "https://mastodon.social/@rowan_m",
    "glitch": "rowan-m",
    "github": "rowan-m",
    "twitter": "rowan_m",
    "image": "image/vgdbNJBYHma2o62ZqYmcnkq3j0o1/36DbfIY65yZEBUfN0VZ3.jpeg"
  },
  "danielcheng": {
    "github": "zetafunction",
    "image": "image/ZDZVuXt6QqfXtxkpXcPGfnygYjd2/bkhHWyJ094v913iIMo2C.jpg"
  },
  "progers": {
    "github": "progers",
    "image": "image/ZDZVuXt6QqfXtxkpXcPGfnygYjd2/euJh3BcGWhuuJG7keukf.jpg"
  },
  "kojiishi": {
    "github": "kojiishi",
    "image": "image/ZDZVuXt6QqfXtxkpXcPGfnygYjd2/3we9yRG0YsHoQ3O9CU7M.jpg"
  },
  "iankilpatrick": {
    "github": "bfgeek",
    "image": "image/ZDZVuXt6QqfXtxkpXcPGfnygYjd2/sSG6wOWF6LiAytFXAi8L.jpg"
  },
  "kylecharbonneau": {
    "image": "image/ZDZVuXt6QqfXtxkpXcPGfnygYjd2/GLfwUjU4lr5ceazmYP1X.jpg"
  },
  "dalecurtis": {
    "image": "image/ZDZVuXt6QqfXtxkpXcPGfnygYjd2/tXj7wN2dYxURc2jOyF7n.png"
  },
  "kritisapra": {
    "country": "UK",
    "twitter": "kritisapra_",
    "github": "kriti-sapra",
    "homepage": "https://www.kritisapra.co.uk/",
    "image": "image/odjn1VxxoIc8gBVMXV0DIYIt2zn2/UceO32Ju1t1aDGz16GTQ.jpg"
  },
  "brendankenny": {
    "country": "US",
    "twitter": "brendankenny",
    "github": "brendankenny",
    "image": "image/MtjnObpuceYe3ijODN3a79WrxLU2/sWOfAs4f2WyQMMF9xt1A.jpg"
  },
  "abeyad": {
    "country": "US",
    "twitter": "alibeyad",
    "github": "abeyad",
    "image": "image/BLBNCWcM57UxCqJ0LsNECuVCaxD2/GR8cNgtWyPyXDqI4d61Q.jpeg"
  },
  "arichiv": {
    "country": "US",
    "twitter": "iblameari",
    "github": "arichiv",
    "image": "image/kY6vrM8mwvcBzVokoWQTl9rKquv1/ctQrNhmIeWkvn9zfV6X0.jpg"
  },
  "jichen": {
    "country": "US",
    "image": "image/sQ51XsLqKMgSQMCZjIN0B7hlBO02/PiqZNqbaZXr3qfZC8lNG.jpeg"
  },
  "kateryna": {
    "country": "DE",
    "github": "kateryna-prokopenko",
    "image": "image/OEs9sSlbxePTYhSctRsJ9kgrqPy1/rdQlefvcJBrvTiqSxULm.jpg"
  },
  "miketaylr": {
    "github": "miketaylr",
    "image": "image/vgdbNJBYHma2o62ZqYmcnkq3j0o1/v4ogqQjm5vTjRQBaTyRK.png"
  },
  "alcastano": {
    "country": "CH",
    "image": "image/dPDCek3EhZgLQPGtEG3y0fTn4v82/Ie3JSl9zE6f51LclZGFS.jpg"
  },
  "alexandrawhite": {
    "country": "US",
    "github": "heyawhite",
    "twitter": "heyawhite",
    "mastodon": "https://mstdn.social/@alexandrawhite",
    "image": "image/VbsHyyQopiec0718rMq2kTE1hke2/tKKMrgVB852NNd1UMRzN.png"
  },
  "aaronhk": {
    "country": "CA",
    "github": "mysterydate",
    "twitter": "_mysterydate",
    "image": "image/kheDArv5csY6rvQUJDbWRscckLr1/X8o5K4jnZHhQgHfkmJY7.jpeg"
  },
  "victortan": {
    "country": "US",
    "github": "victortan",
    "twitter": "victortan",
    "image": "image/vgdbNJBYHma2o62ZqYmcnkq3j0o1/j7BoDYMJWpcjTNyhbnYu.jpeg"
  },
  "pbakaus": {
    "country": "US",
    "homepage": "https://paulbakaus.com/",
    "twitter": "pbakaus",
    "image": "image/C47gYyWYVMMhDmtYSLOWazuyePF2/fa0lUahofnggwG3lhxCe.jpeg"
  },
  "umarhansa": {
    "country": "UK",
    "homepage": "https://umaar.com/",
    "twitter": "umaar",
    "image": "image/C47gYyWYVMMhDmtYSLOWazuyePF2/6Q7EVYpBXsElBaENIUKd.jpeg"
  },
  "jackjey": {
    "country": "JP",
    "github": "JackJey",
    "image": "image/PV7xjXdOKHP8LWt9XhstsToJeK82/O5CMzBRhiNQelJ5Rkzv0.jpg"
  },
  "sofiayem": {
    "github": "sofiayem",
    "image": "image/NJdAV9UgKuN8AhoaPBquL7giZQo1/O2sIJEHG9avKV4aqzSx7.jpeg"
  },
  "kevinkiklee": {
    "country": "US",
    "twitter": "kevinkiklee",
    "github": "kevinkiklee",
    "image": "image/hVf1flv5Jdag8OQKYqOcJgWUvtz1/8bRRaZVXzJKCDu0RlK1Y.jpg"
  },
  "stefanzager": {
    "country": "US",
    "image": "image/kheDArv5csY6rvQUJDbWRscckLr1/j51qMPHhY07cFu4LQd9y.jpeg"
  },
  "rachelandrew": {
    "country": "UK",
    "twitter": "rachelandrew",
    "github": "rachelandrew",
    "homepage": "https://rachelandrew.co.uk",
    "mastodon": "https://front-end.social/@rachelandrew",
    "image": "image/kheDArv5csY6rvQUJDbWRscckLr1/DbljY0AD921j6PKWl6JC.jpeg"
  },
  "bgalbs": {
    "country": "US",
    "twitter": "bgalbs",
    "image": "image/C8ys09lNbQOJLokQMhRtN2A0YU12/cySC1Gzh8NlFSsURpnpS.jpg"
  },
  "twifkak": {
    "twitter": "twifkak",
    "github": "twifkak",
    "image": "image/rULxC7pPw3PFS4o9xr7v8isFmCv1/fDaDWpuKLKDm4mjnt0jV.jpg"
  },
  "jheyy": {
    "country": "UK",
    "twitter": "jh3yy",
    "github": "jh3y",
    "linkedin": "jheytompkins",
    "homepage": "https://jhey.dev/links",
    "mastodon": "https://front-end.social/@jhey",
    "image": "image/Dyx9FwYgMyNqy1kMGx8Orz6q0qC3/JjwUlxDMTmjyFEvBC8wG.jpeg"
  },
  "mariahhart": {
    "country": "US",
    "image": "image/YLflGBAPWecgtKJLqCJHSzHqe2J2/iy1Y4UTfdXCdXqdnveqi.jpg"
  },
  "simonhearne": {
    "country": "UK",
    "twitter": "SimonHearne",
    "github": "SimonHearne",
    "linkedin": "simonhearne",
    "homepage": "https://simonhearne.com"
  },
  "jarhar": {
    "country": "US",
    "image": "image/kheDArv5csY6rvQUJDbWRscckLr1/xHYktxBPGfDHbzmEufy9.jpeg",
    "github": "josepharhar",
    "twitter": "josepharhar"
  },
  "emmatwersky": {
    "country": "US",
    "homepage": "https://twerske.dev",
    "github": "twerske",
    "twitter": "twerske",
    "image": "image/jxu1OdD7LKOGIDU7jURMpSH2lyK2/7lFlJupvNAPBh7huFYyg.png"
  },
  "pfaffe": {
    "country": "DE",
    "github": "pfaffe"
  },
  "sbc": {
    "country": "US",
    "github": "sbc100"
  },
  "ericsl": {
    "country": "DE",
    "github": "ericsl"
  },
  "rkochman": {
    "country": "US",
    "twitter": "rkochman",
    "image": "image/admin/2TCATL7dglEFzZZWnXo0.jpg"
  },
  "kenjibaheux": {
    "country": "JP",
    "image": "image/kheDArv5csY6rvQUJDbWRscckLr1/SPujPUYWhP5RXRNXCvKX.jpeg"
  },
  "buettner": {
    "country": "US",
    "image": "image/kheDArv5csY6rvQUJDbWRscckLr1/4vRQOG0KfM3DoG3iNxG3.jpeg"
  },
  "egsweeny": {
    "country": "US",
    "github": "egsweeny",
    "twitter": "egsweeny",
    "image": "image/MtjnObpuceYe3ijODN3a79WrxLU2/C1NFRYmipqzYPr1f6tXZ.jpg"
  },
  "samthor": {
    "country": "AU",
    "homepage": "https://whistlr.info/",
    "twitter": "samthor",
    "github": "samthor",
    "glitch": "samthor",
    "image": "image/admin/XQIDJD6narW2eA4d141g.jpg"
  },
  "pauljensen": {
    "country": "US",
    "image": "image/hVf1flv5Jdag8OQKYqOcJgWUvtz1/S0qf801bQbEP6O4bGnBF.jpeg"
  },
  "alinavarkki": {
    "image": "image/jxu1OdD7LKOGIDU7jURMpSH2lyK2/mw6q7BVzO7DWfNmkVm7k.png",
    "github": "AlinaVarkki",
    "twitter": "varkki_alina"
  },
  "sidlall": {
    "image": "image/jL3OLOhcWUQDnR4XjewLBx4e3PC3/vsYvKkANii5XrJVjwsJQ.jpg",
    "twitter": "SiddharthLall1"
  },
  "argyle": {
    "country": "US",
    "image": "image/vS06HQ1YTsbMKSFTIPl2iogUQP73/t9kwzTEd4eyjkqfUxp3H.jpeg",
    "twitter": "argyleink",
    "github": "argyleink"
  },
  "miriamsuzanne": {
    "country": "US",
    "image": "image/vS06HQ1YTsbMKSFTIPl2iogUQP73/aIKGj225YFeiN3lLTSW2.jpeg",
    "twitter": "TerribleMia"
  },
  "christianliebel": {
    "country": "DE",
    "homepage": "https://christianliebel.com/",
    "twitter": "christianliebel",
    "github": "christianliebel",
    "glitch": "christianliebel",
    "image": "image/8WbTDNrhLsU0El80frMBGE4eMCD3/pguQ0oykD0nNu9jM5OcP.jpeg"
  },
  "tunetheweb": {
    "country": "IE",
    "twitter": "tunetheweb",
    "github": "tunetheweb",
    "homepage": "https://www.tunetheweb.com",
    "mastodon": "https://webperf.social/@tunetheweb",
    "image": "image/W3z1f5ZkBJSgL1V1IfloTIctbIF3/FzCdsVVLfgdqxfgs6BDc.jpeg"
  },
  "barbsmith": {
    "country": "US",
    "image": "image/VWw0b3pM7jdugTkwI6Y81n6f5Yc2/CFDMEqVwcngFoi1NCxTF.png"
  },
  "cilvento": {
    "country": "US",
    "image": "image/VWw0b3pM7jdugTkwI6Y81n6f5Yc2/wZV82yyQSeklFCQj7Nd2.jpeg"
  },
  "csharrison": {
    "country": "US",
    "github": "csharrison",
    "image": "image/O2RNUyVSLubjvENAT3e7JSdqSOx1/yoQ5f3zvzz50fjMyb0ac.jpeg"
  },
  "crystalwang": {
    "country": "US",
    "image": "image/WlD8wC6g8khYWPJUsQceQkhXSlv1/8NhYSp5dX1NtITmlqqDT.jpeg"
  },
  "anusmitaray": {
    "country": "UK",
    "image": "image/udVScdcCFAdRjZwFdLk2jWAFQyr1/XEKcpIGEA99MtZCbdQPs.JPG"
  },
  "joelewis": {
    "country": "US",
    "image": "image/VbsHyyQopiec0718rMq2kTE1hke2/aS7reiLcBKY52w1HUU3m.jpeg",
    "github": "sanbeiji"
  },
  "jney": {
    "country": "US",
    "homepage": "https://www.jeremybney.com",
    "twitter": "jeremybney",
    "image": "image/vgdbNJBYHma2o62ZqYmcnkq3j0o1/TAnCBPCUpoC4X3jwXN7Y.webp"
  },
  "bramus": {
    "homepage": "https://www.bram.us/",
    "twitter": "bramus",
    "github": "bramus",
    "mastodon": "https://front-end.social/@bramus",
    "country": "BE",
    "image": "image/AeNB0cHNDkYPUYzDuv8gInYA9rY2/CQMqvg5UkY4weDnJij3b.jpeg"
  },
  "victorporof": {
    "image": "image/AeNB0cHNDkYPUYzDuv8gInYA9rY2/ltT5ZFZLzSdlecQmoxMK.jpg",
    "github": "victorporof",
    "twitter": "victorporof",
    "country": "DE"
  },
  "karaerickson": {
    "image": "image/IypihH3o5cSpEMVp5i08dp69otp2/Az2VaHZ4nQ6ovvTvzCD3.jpeg",
    "twitter": "karaforthewin",
    "country": "US"
  },
  "leenasohoni": {
    "image": "image/lKgJZH2YLpV46uAKAtfp4jfvXhx2/oALg7ACRUlSyXj7xGbOR.jpeg",
    "twitter": "leena_sohoni",
    "country": "US"
  },
  "mgechev": {
    "country": "US",
    "homepage": "https://blog.mgechev.com/",
    "twitter": "mgechev",
    "github": "mgechev",
    "glitch": "mgechev",
    "image": "image/admin/OPpZ9x8KCVcxvqgdWXM5.jpg"
  },
  "alexcastle": {
    "image": "image/IypihH3o5cSpEMVp5i08dp69otp2/ofc2dLwuNURvRIMvTdIv.jpeg"
  },
  "shubhie": {
    "github": "spanicker",
    "twitter": "shubhie",
    "country": "US",
    "image": "image/0SXGYLkliuPQY3aSy3zWvdv7RqG2/sInJ1hYQTzeVJUGaOjlk.jpeg"
  },
  "keenyeeliau": {
    "image": "image/Or7Bgsqru3MxJHvMtp68LKOjxkH3/UbfmJ8kJwfT9FVLHjX3r.jpeg",
    "github": "kyliau"
  },
  "arthursonzogni": {
    "image": "image/vgdbNJBYHma2o62ZqYmcnkq3j0o1/BUJhEkgRYkRGIo3GPUfj.png"
  },
  "michalpitr": {
    "image": "image/Pd9q3xrQ8jTnoXTXNDT1eN6CWLJ3/mioFNQIt6Z4uohUwczfV.jpg",
    "github": "michalpitr",
    "linkedin": "michal-pitr-a7156b127",
    "twitter": "pitrmichal"
  },
  "patmeenan": {
    "twitter": "patmeenan",
    "country": "US"
  },
  "anniesullie": {
    "twitter": "anniesullie",
    "country": "US"
  },
  "mmocny": {
    "twitter": "mmocny",
    "country": "CA"
  },
  "ianclelland": {
    "linkedin": "clelland",
    "country": "CA"
  },
  "roydeepanjan": {
    "twitter": "roydeepanjan",
    "country": "CA"
  },
  "diklla": {
    "twitter": "diklla",
    "country": "UK"
  },
  "gilberto_cocchi": {
    "twitter": "gilberto_cocchi",
    "country": "IT"
  },
  "harrytheodoulou": {
    "linkedin": "harrytheo",
    "country": "UK"
  },
  "milutinkristofic": {
    "linkedin": "kristofic",
    "country": "DE"
  },
  "marcdoerrenhaus": {
    "linkedin": "marc-doerrenhaus-12356758",
    "country": "US"
  },
  "gbmonaco": {
    "twitter": "devknoll",
    "github": "devknoll",
    "image": "image/HodOHWjMnbNw56hvNASHWSgZyAf2/hDqTBczSpBYv3BZkYRFz.jpeg"
  },
  "ergunsh": {
    "twitter": "ergunsh",
    "image": "image/fuiz5I8Iv7bV8YbrK2PKiY3Vask2/9RHGPqIpZciJHKPrj0Us.jpg",
    "country": "DE"
  },
  "noraoneill": {
    "image": "image/fuiz5I8Iv7bV8YbrK2PKiY3Vask2/ZE14LKBqoE48mMOUUFcH.jpg"
  },
  "amysteam": {
    "github": "amysteam",
    "linkedin": "amysteam",
    "image": "image/BhuKGJaIeLNPW9ehns59NfwqKxF2/INt7a8DM3w72flwcElRV.jpg"
  },
  "markallenthompson": {
    "linkedin": "markallenthompson",
    "country": "US"
  },
  "rouslan": {
    "github": "rsolomakhin",
    "image": "image/YLflGBAPWecgtKJLqCJHSzHqe2J2/dZOnFhReaU2NKpk1Rr9f.jpg"
  },
  "chrisdavidmills": {
    "github": "chrisdavidmills",
    "twitter": "chrisdavidmills",
    "linkedin": "chris-mills-4471711",
    "image": "image/nkovDlvelCQoTyX9N57xf85AR9T2/jlh9RMlHQcyL1oQ7tP7z.jpg"
  },
  "leeronisrael": {
    "github": "leeronisrael",
    "twitter": "leeronisrael",
    "linkedin": "leeronisrael",
    "image": "image/80mq7dk16vVEg8BBhsVe42n6zn82/E02nz219ZjKaoyuRFtdb.jpg"
  },
  "joeytrotz": {
    "linkedin": "joeytrotz",
    "image": "image/80mq7dk16vVEg8BBhsVe42n6zn82/lDjPb6DT7O39Tz40VEum.jpg"
  },
  "samuelgoto": {
    "github": "samuelgoto",
    "twitter": "samuelgoto",
    "image": "image/YLflGBAPWecgtKJLqCJHSzHqe2J2/ucaanCmRv31SNr3mp6cA.jpg"
  },

  "zachmastromatto": {
    "image": "image/O2RNUyVSLubjvENAT3e7JSdqSOx1/bKxprIw5dh9Z8LFcj6Pw.jpeg"
  },
  "akashnadan": {
    "image": "image/EvKqfXr4ercavLaApW41d8uGXN72/FRxVlVGiws1DaBkBTnv3.jpeg"
  },
  "andreeacucu": {
    "image": "image/O2RNUyVSLubjvENAT3e7JSdqSOx1/wLLL41WUJUT8wnqNwERJ.jpeg"
  },
  "adamsilverstein": {
    "github": "adamsilverstein",
    "twitter": "adamsilverstein",
    "image": "image/fuiz5I8Iv7bV8YbrK2PKiY3Vask2/a58pQb092GyDr5S7vOeg.webp"
  },
  "djuffin": {
    "github": "djuffin",
    "image": "image/admin/MWYHP293xzaBdw30G3Ts.jpg"
  },
  "nateschloss": {
    "github": "n8schloss",
    "twitter": "n8schloss",
    "image": "image/admin/BS9rSjcVynuKi2SX5Whu.jpg"
  },
  "andrewcomminos": {
    "github": "acomminos",
    "twitter": "acomminos",
    "image": "image/admin/ykAIcNpbomeiulF6Kw7P.jpg"
  },
  "smcgruer": {
    "github": "stephenmcgruer",
    "image": "image/YLflGBAPWecgtKJLqCJHSzHqe2J2/QAh4CYAgpGaIc0JjgpAw.jpg"
  },
  "mstensho": {
    "image": "image/kheDArv5csY6rvQUJDbWRscckLr1/FN095pMGAh4KlMLXT3hT.jpeg"
  },
  "example": {
    "twitter": "ChromiumDev"
  },
  "sarino": {
    "image": "image/vgdbNJBYHma2o62ZqYmcnkq3j0o1/9vzh9pyZ3U1P2zxrzGaS.jpg"
  },
  "ianstanion": {
    "image": "image/jxu1OdD7LKOGIDU7jURMpSH2lyK2/x4tksWHlknXbJ0xQc957.jpg"
  },
  "exterkamp": {
    "country": "US",
    "twitter": "shane_exterkamp",
    "github": "exterkamp",
    "image": "image/admin/yPytekIqH5VnoqMx3jj2.jpg"
  },
  "helencho": {
    "image": "image/vgdbNJBYHma2o62ZqYmcnkq3j0o1/XAQGcTjOZYDZuupT6DIx.jpeg"
  },
  "kaustubhag": {
    "image": "image/vgdbNJBYHma2o62ZqYmcnkq3j0o1/Uva1hZaQBRpV8k1tJr7R.jpeg"
  },
  "johannhof": {
    "image": "image/vgdbNJBYHma2o62ZqYmcnkq3j0o1/U6iZ9cAgFDT7v4cmIxEP.jpeg"
  },
  "priyankachatterjee": {
    "country": "US",
    "image": "image/hVf1flv5Jdag8OQKYqOcJgWUvtz1/Q9SoxqpDiTGCSfZul60a.jpeg"
  },
  "tristramsouthey": {
    "country": "US",
    "image": "image/hVf1flv5Jdag8OQKYqOcJgWUvtz1/yh2i5pJyWLqMz49B7qWq.jpeg"
  },
  "kyraseevers": {
    "country": "US",
    "image": "image/vgdbNJBYHma2o62ZqYmcnkq3j0o1/bAfyIJWEgdLfw1B3K8j0.jpg"
  },
  "jyasskin": {
    "country": "US",
    "mastodon": "https://hachyderm.io/@jyasskin",
    "image": "image/kheDArv5csY6rvQUJDbWRscckLr1/I9TmKizOlEBpFNDmT8qp.jpeg"
  },
  "developit": {
    "homepage": "https://jasonformat.com",
    "twitter": "_developit",
    "github": "developit",
    "image": "image/admin/bPCYfhUgxdCpXhKAWc9X.jpg"
  },
  "masonfreed": {
    "twitter": "Mfreed777",
    "github": "mfreed7",
    "image": "image/admin/t7E3inN3orEPpDUXSkXR.jpg"
  },
  "uskay": {
    "homepage": "https://blog.uskay.io/",
    "twitter": "uskay",
    "image": "image/admin/ztcrpMPYTd84oPTN4GdY.jpg"
  },
  "janicklasralphj": {
    "twitter": "Janicklas",
    "image": "image/IypihH3o5cSpEMVp5i08dp69otp2/XClrajjKMkDpS2XeK83c.jpg"
  },
  "mattreynolds": {
    "github": "nondebug",
    "image": "image/cGQxYFGJrUUaUZyWhyt9yo5gHhs1/T6iiWq4bxpNnhtksZITO.jpg"
  },
  "pbirk": {
    "image": "image/VbsHyyQopiec0718rMq2kTE1hke2/OP7hHXskpMEc8q7wddG1.jpeg",
    "github": "peterbn",
    "linkedin": "peter-birk-pakkenberg"
  },
  "pjl": {
    "country": "US",
    "github": "pjl-google",
    "linkedin": "philipjlee"
  },
  "georgiafranklin": {
    "country": "US",
    "image": "image/VbsHyyQopiec0718rMq2kTE1hke2/tFdVO9oa8ki55NO1Iwma.jpeg"
  },
  "arskama": {
    "country": "FI",
    "github": "arskama"
  },
  "robertyang": {
  "image": "image/RtQlPaM9wdhEJGVKR8boMPkWf443/In0YoXtpVY8pwm7Pcj33.jpeg",
  "twitter": "yangrob",
  "linkedin": "robertyanghk"
},
  "vaatika": {
    "country": "DE",
    "twitter": "vaatika",
    "image": "image/3ILBH0X0aDOqDIm6SgH3OTHT8832/vL2uGtk2NKGT9two4PWy.jpg"
  },
  "dmengelt": {
    "country": "CH",
    "twitter": "dmengelt",
    "github": "dmengelt",
    "mastodon": "https://mastodon.online/@dmengelt",
    "image": "image/UIt9DNJ5rxYg42rqjqkKmCmAYXg1/KJcni8LUMhCip3LIJljm.jpeg"
  }
}
