{
  "title": "Chrome Developers",
  "description": "Build the next generation of web experiences.",
  "url": "https://developer.chrome.com",
  "imgixDomain": "wd.imgix.net",
  "bucket": "web-dev-uploads",
  "repo": "https://github.com/GoogleChrome/developer.chrome.com",
  "locales": [
    "en",
    "es",
    "pt",
    "ko",
    "zh",
    "ru",
    "ja",
    "fr",
    "de"
  ],
  "defaultLocale": "en",
  "cookiesCtaUrl": "https://policies.google.com/technologies/cookies",
  "defaultSocialImage": "image/fuiz5I8Iv7bV8YbrK2PKiY3Vask2/iGPiWTtoy7iF932Xday1.png",
  "defaultAvatarImg": "image/tcFciHGuF3MxnTr1y5ue01OGLBn2/PFaMfvDZoPorronbpdU8.svg",
  "chromeImg": "image/fuiz5I8Iv7bV8YbrK2PKiY3Vask2/NLdnaqMpBEjPaCtVEfcJ.svg",
  "paginationCount": 24
}
