{
  "autoplay": {
    "title": "i18n.tags.autoplay"
  },
  "news": {
    "title": "i18n.tags.news"
  },
  "3D": {
    "title": "i18n.tags.3D"
  },
  "accessibility": {
    "title": "i18n.tags.accessibility"
  },
  "amp": {
    "title": "i18n.tags.amp"
  },
  "capabilities": {
    "title": "i18n.tags.capabilities"
  },
  "case-study": {
    "title": "i18n.tags.case-study"
  },
  "chrome": {
    "title": "i18n.tags.chrome"
  },
  "chromium-chronicle": {
    "title": "i18n.tags.chromium-chronicle"
  },
  "cookies": {
    "title": "i18n.tags.cookies"
  },
  "deprecations-removals": {
    "title": "i18n.tags.deprecations-removals"
  },
  "device-characteristics": {
    "title": "i18n.tags.device-characteristics"
  },
  "devices": {
    "title": "i18n.tags.devices"
  },
  "encryption": {
    "title": "i18n.tags.encryption"
  },
  "extensions": {
    "title": "i18n.tags.extensions"
  },
  "feature-policy": {
    "title": "i18n.tags.feature-policy"
  },
  "file-system": {
    "title": "i18n.tags.file-system"
  },
  "fugu-case-study": {
    "title": "i18n.tags.fugu-case-study"
  },
  "games": {
    "title": "i18n.tags.games"
  },
  "graphics": {
    "title": "i18n.tags.graphics"
  },
  "houdini": {
    "title": "i18n.tags.houdini"
  },
  "html": {
    "title": "i18n.tags.html"
  },
  "identity": {
    "title": "i18n.tags.identity"
  },
  "media": {
    "title": "i18n.tags.media"
  },
  "webgpu": {
    "title": "i18n.tags.webgpu"
  },
  "new-in-chrome": {
    "title": "i18n.tags.new-in-chrome"
  },
  "origin-trials": {
    "title": "i18n.tags.origin-trials"
  },
  "privacy": {
    "title": "i18n.tags.privacy"
  },
  "progressive-web-apps": {
    "title": "i18n.tags.progressive-web-apps"
  },
  "security": {
    "title": "i18n.tags.security"
  },
  "devtools": {
    "title": "i18n.tags.devtools"
  },
  "new-in-devtools": {
    "title": "i18n.tags.new-in-devtools"
  },
  "devtools-engineering": {
    "title": "i18n.tags.devtools-engineering"
  },
  "devtools-architecture": {
    "title": "i18n.tags.devtools-architecture"
  },
  "example": {
    "title": "i18n.tags.example"
  }
}
